year,smoother
2006,110.5
2007,104
2008,99.33333333
2009,109.3333333
2010,129
2011,152.3333333
2012,155.6666667
2013,155.3333333
2014,144.3333333
2015,141.3333333
2016,137.5
